ID,名前,レア度,ソウルクラス,属性,攻撃種別,役割,ATK,DEF,タグID,タグ名,スキル名,タイミング,効果,program,モチーフ,説明,使い方,弱点,造形,服装分類,帽子,配色,改訂,フィギュア画像,ドット絵
SWEET01,モブラムネクーリエ,R,シードソウル,水,魔法,回復・手札補充,60,75,65;55;80,スイーツ;スピードスター;水の極意,シュワッと補給便,自分メイン,自分ライフを20回復する。手札が4体以下ならシードデッキから1体ドローする。,32,ラムネ,大きなラムネ瓶を抱えた配達員。涼しさをこぼさないよう一歩ずつ進み、仲間へシュワッと元気を届ける。,ライフ20回復。発動時の手札が4体以下なら、シードデッキから1体引く。手札を使ってから補給すると条件を満たしやすい。,手札5体以上ではドローしない。手札4体以下で山札が空だとドロー処理で山札切れ負けになる。回復上限400。,黒顔と金の丸メガネ、シアンの猫耳ニット。大きなラムネ瓶を両手で抱え、片膝を高く上げて運ぶ。瓶の王冠をかたどった台座。,シンプルストリート,猫耳型ニット,シアン、コーラル、黒、金,v3,images/figures/SWEET01.png,images/pixels/SWEET01_pixel.png
SWEET02,モブキャラメルフォージ,R,シードソウル,地,物理,攻撃・突破,80,60,65;70;35,スイーツ;職人;破壊力,とろけるハンマーブレイク,自分メイン,このターンATK+20。攻撃対象変更・守護効果を無視して任意の相手を攻撃できる。,21,キャラメル,巨大なキャラメルを両手の菓子切りで仕上げる小さな職人。体重をぐっと乗せるひと押しが、かたい守りをほぐしていく。,このターンATK100となり、守護や攻撃対象変更を無視して狙う相手を選べる。守られた低DEFの相手を狙う。,DEFを無視する効果ではない。高DEF相手には打点が足りず、DEF60のため返しの攻撃に弱い。,黒顔・黒ボディと大きな金の丸メガネ。キャラメル色のキャスケットと短い前掛け。大きなキャラメルの角塊へ両手で菓子切りを押し込み、短い脚を踏ん張る。包み紙の折り目をかたどった台座。,シンプルストリート,青緑の角バッジ付きキャスケット,キャラメル、青緑、クリーム、黒、金,v3,images/figures/SWEET02.png,images/pixels/SWEET02_pixel.png
SWEET03,モブコンペイトスター,R,シードソウル,光,魔法,回復・生存支援,60,70,65;37;50,スイーツ;魔法使い;浮遊,ほしつぶのおまもり,自分メイン,自分ライフを20回復する。味方1体は次に撃破される時、1度だけ撃破されず場に残る。,4,金平糖,大きな金平糖へぎゅっと抱きつく星の魔法使い。小さな両足を浮かせて菓子の星に乗り、仲間の守りへ願いを運ぶ。,ライフ20回復と、味方1体への一度だけの撃破回避を用意する。次のターンにも残したい主力へ先に付ける。,撃破を防いでも差分ライフダメージは受け得る。防止は一度きりで、回復上限は400。,黒顔・黒ボディと大きな金の丸メガネ。藤色のとんがり帽子と青緑の短いケープ。淡い黄・桃・藤の大きな金平糖へまたがり、両手で抱きついて短い脚を左右に浮かせる。星形の縁を持つ菓子皿の台座。,シンプルRPG,黄色い星付きラベンダーのとんがり帽子,ラベンダー、淡黄、桃、青緑、黒、金,v3,images/figures/SWEET03.png,images/pixels/SWEET03_pixel.png
SWEET04,モブセンベイガード,R,シードソウル,地,物理,守護,60,80,18;66;39,美味しい食べ物;伝統;鉄壁,こんがり甲羅ガード,相手攻撃宣言時,攻撃対象をこのフィギュアへ変更し、その攻撃中DEF+30。,20,せんべい,大きな海苔せんべいを盾にする守り手。腰を落として両足を踏ん張り、仲間へ向いた一撃を丸ごと引き受ける。,相手攻撃宣言時、対象を自分へ変更し、その攻撃中はDEF110。低DEFの味方を残すためにスキル枠を温存する。,差分ライフダメージを0にする効果はない。ATK110を超える相手には本体も撃破される。,低い黒顔・黒ボディと大きな金の丸メガネ。せんべい色のバケットハット、白い短い和装と紺帯。中央へ大きな四角い海苔を貼った丸せんべいを両手で盾に構え、両脚を大きく開いて踏ん張る。せんべいと海苔の台座。,シンプル和装,海苔緑の帯付きバケットハット,せんべい色、海苔緑、クリーム、紺、黒、金,v3,images/figures/SWEET04.png,images/pixels/SWEET04_pixel.png
SWEET05,モブウエハースミューズ,R,シードソウル,雷,魔法,防御支援・妨害対策,70,65,65;12;82,スイーツ;MUSIC;機械の力,ミルフィーユの和音,自分メイン,味方全体のDEF+20。次の相手ターン終了まで、相手のDEF低下系ソウルスキルを1回無効にする。,33,ウエハース,大きなウエハースの蛇腹を引き開く小さな楽士。舞台へ腰かけて足を弾ませ、甘い重なりの調べで仲間を守る。,味方全体のDEFを20上げ、DEF低下系ソウルスキルを一度無効にする。低下スキルへの盾は次の相手ターン終了まで続く。,通常のDEF+20は現在ターン限り。ATKだけを下げるスキルは防げず、低下への盾も一度使うと消える。,黒顔・黒ボディと大きな金の丸メガネ。ウエハース色の中折れ帽、黒い簡素な衣装とえんじの蝶ネクタイ。座って片足を前へ出し、巨大なウエハースの蛇腹楽器を両手で引き開く。太いクリームとココアの層、格子入りの両端板。角形のウエハースサンド舞台。,シンプルアーティスト,えんじの帯付きウエハース色の中折れ帽,ウエハース色、クリーム、ココア、えんじ、黒、金,v3,images/figures/SWEET05.png,images/pixels/SWEET05_pixel.png
SWEET06,モブドロップタンブラー,R,シードソウル,風,物理,連続攻撃,75,60,65;27;55,スイーツ;キュート;スピードスター,カラコロトリプル,自分メイン,このターン最大3回攻撃できる。攻撃するたび、このターン中ATK+15（累積）。同じ相手を続けて攻撃してもよい。ダイレクトアタック不可。,3,フルーツドロップ,巨大な赤いフルーツドロップを乗りこなす軽業師。後ろ向きのキャップを揺らし、短い手足で甘い波のような傾きを楽しむ。,最大3回攻撃し、各攻撃時のATKは90、105、120へ上がる。同じ相手を続けて攻撃できる。,ダイレクトアタック不可。キャンセルされた攻撃も回数を消費する。DEF60なので攻撃後の守りが薄い。,黒顔・黒ボディと大きな金の丸メガネ。黄色い雫印の後ろ向きコーラルキャップ、ライムの小さなベストと橙の短パン。巨大な赤い楕円ドロップに両足を乗せ、腕を広げて斜めにバランスを取る。黄色い菓子型台座にMOB銘板。,シンプルアーティスト,後ろ向きキャップ,コーラル、ライム、橙、ドロップ赤、黄、黒、金,v3,images/figures/SWEET06.png,images/pixels/SWEET06_pixel.png
SWEET07,モブショココイン船長,SR,シードソウル,闇,物理,複数体攻撃,115,100,65;34;49;74;81,スイーツ;勇猛果敢;斬撃;リーダー気質;ロマン,コインショコラ航路,自分メイン,このターン、相手フィールドの各フィギュアへ1回ずつ攻撃できる。2体目以降への攻撃時ATK+10。,9,コインチョコ,大きなコインチョコを車輪にして進む小さな船長。金の包みを両手でしっかりつかみ、短いブーツを弾ませながら甘い航海を続ける。,相手フィールドの各個体へ一度ずつ攻撃できる。最初の攻撃はATK115、2体目以降へはATK125で攻撃する。,同じ個体への繰り返し攻撃はできない。攻撃先を増やすには相手が複数体いる必要があり、高DEF突破は苦手。,ふっくらした黒顔と金の丸メガネ。金貨印のココア色三角帽、クリーム縁の短い船長服と赤い帯。巨大な金包みのコインチョコに腰を掛け、両手で縁を握って短い両足を前へ出す。包みの一角から滑らかなチョコが見える。低いコイン積み台座にMOB銘板。,シンプルRPG,三角帽,ココア、コイン金、赤、クリーム、黒,v3,images/figures/SWEET07.png,images/pixels/SWEET07_pixel.png
SWEET08,モブモナカオニパティシエ,SR,シードソウル,地,魔法,全体回復支援,100,120,18;65;66;70;78,美味しい食べ物;スイーツ;伝統;職人;団結力,あんこサンドのひと休み,自分メイン,自分ライフを20回復し、味方全体のDEF+20。,26,モナカ,大きなモナカを丁寧に仕上げる菓子職人。両手で上皮をそっと下ろし、たっぷりのあんこを包み込むひとときを仲間と分かち合う。,ライフ20回復と味方全体DEF+20。味方を先に並べると、その場にいる複数体へまとめて効果をかけられる。,DEF強化は現在ターン限りで、次の相手ターンまでは続かない。このターンの他の味方スキルも使えなくなる。,丸い黒顔・黒ボディと金の丸メガネ。モナカ色の猫耳型料理帽、クリーム色の短い和装とあずき色の前掛け。深くしゃがみ、両手で巨大な花形モナカの上皮を持ってあんこへ重ねる。花の平面刻印と滑らかなあずき色の帯で菓子を表現。薄いモナカ皿型台座にMOB銘板。,シンプル和装,猫耳型料理帽,モナカ色、あずき、クリーム、黒、金,v3,images/figures/SWEET08.png,images/pixels/SWEET08_pixel.png
SWEET09,モブゼリールミナリス,SSR,シードソウル,水,魔法,回復・低下解除,130,150,65;67;37;80;08;40;27,スイーツ;もちもち;魔法使い;水の極意;輝き;絆;キュート,七色ゼリーリペア,自分メイン,自分ライフを20回復する。味方1体に付いているATK/DEF低下効果を解除する。,11,カラフルゼリー,三色ゼリーを大きな匙で混ぜる薬師。足を広げて力を込め、仲間が元気を取り戻す一杯を仕上げる。,ライフ20回復と、味方1体のATK/DEF低下効果の解除を行う。低下を受けた高レアの主力を戻して攻撃へつなぐ。,解除するのはATK/DEFの低下。攻撃停止・素材化禁止や、通常攻撃のガードで削られた恒久DEFは戻らない。回復上限400。,黒顔と金の丸メガネ、三色飾りの紫の広つば帽。大きなゼリーカップへ身を乗り出し、両手で長い匙を動かす。ミント色の菓子皿台座。,シンプルRPG,三色飾りの広つばハット,紫、ミント、ラズベリー、琥珀、黒,v3,images/figures/SWEET09.png,images/pixels/SWEET09_pixel.png
SWEET10,モブワタアメ雲龍王,UR,シードソウル,光,複合,守護・ライフ保護,140,150,65;30;38;39;50;74;78;79;81,スイーツ;伝説;ドラゴン;鉄壁;浮遊;リーダー気質;団結力;閃光;ロマン,わたぐもの王護,相手攻撃宣言時,攻撃対象をこのフィギュアへ変更し、その攻撃中DEF+40。差分ライフダメージは0。,13,綿飴,大きな綿飴に乗って空を行く小さな雲龍王。短い龍尾を揺らし、仲間の前へやさしく舞い降りる。,攻撃対象を自分へ変更し、その攻撃中はDEF190、差分ライフダメージは0。重要な味方とライフを同時に守る対応役。,攻撃そのものの無効ではない。ATK190を超えれば本体は撃破される。守護を無視する攻撃には対応できない。,黒顔と金の丸メガネ、龍印のピンク猫耳ニットと短い和装。巨大な綿飴の縞棒に横座りし、両足を遊ばせて飛ぶ。二枚のミント色ヒレを持つ小さな龍尾、雲形台座。,シンプル和装,龍印の猫耳型ニット,綿飴ピンク、クリーム、ミント、黒、金,v3,images/figures/SWEET10.png,images/pixels/SWEET10_pixel.png
