"ID","名前","レア度","階級","属性","ATK","DEF","タグ","スキル","説明","画像","入手先","状態"
"NS2_001","モブスス","SR","seed","闇","75","105","スス / ブラックカラー / 不気味なオーラ","群れの帰還","撃破された時、同じ系列タグを持つシード1体を山札からランダムに召喚する。","piecefig/NS2_001.png","ガチャ：MIDNIGHT SUGAR LIVE","実装済み"
"NS2_002","モブスス槍","SR","seed","雷","100","80","スス / 雷撃 / スピードスター","スス槍のソウル","相手1体のDEF-20。このターン、その相手への攻撃はDEF上昇効果を無視する。","piecefig/NS2_002.png","ガチャ：MIDNIGHT SUGAR LIVE","実装済み"
"NS2_003","モブスス盾","SR","seed","水","85","95","スス / 波の如く / キュート","スス盾のソウル","味方全体のDEF+20。次の相手ターン、最初に発生する差分ライフダメージを0にする。","piecefig/NS2_003.png","ガチャ：MIDNIGHT SUGAR LIVE","実装済み"
"NS2_004","モブスス剣","SR","seed","光","105","75","スス / 輝き / 絆","スス剣のソウル","このターンATK+20、DEF+20。次の相手ターン終了時までこの強化を維持する。","piecefig/NS2_004.png","ガチャ：MIDNIGHT SUGAR LIVE","実装済み"
"NS2_005","モブケケ","SR","seed","闇","90","90","ケケ / ブラックカラー / 不気味なオーラ","群れの帰還","撃破された時、同じ系列タグを持つシード1体を山札からランダムに召喚する。","piecefig/NS2_005.png","ガチャ：SWEET BEAT STREET","実装済み"
"NS2_006","モブケケ槍","SR","seed","雷","75","105","ケケ / 雷撃 / スピードスター","ケケ槍のソウル","味方1体を選ぶ。その味方がこのターン撃破した場合、1体ドローする。","piecefig/NS2_006.png","ガチャ：SWEET BEAT STREET","実装済み"
"NS2_007","モブケケ盾","SR","seed","地","100","80","ケケ / 大地の力 / 鉄壁","ケケ盾のソウル","味方全体のDEF+20。次の相手ターン終了まで、相手のDEF低下系ソウルスキルを1回無効にする。","piecefig/NS2_007.png","ガチャ：SWEET BEAT STREET","実装済み"
"NS2_008","モブケケ剣","SR","seed","風","85","95","ケケ / 風の如く / スピードスター","ケケ剣のソウル","このターン最大2回攻撃できる。攻撃するたびATK+20（累積）。攻撃対象変更・守護効果を無視して対象を選べる。","piecefig/NS2_008.png","ガチャ：SWEET BEAT STREET","実装済み"
"NS2_009","モブススレッド","SR","seed","火","105","75","スス / 火炎 / 勇猛果敢","ススレッドのソウル","相手1体のATK-10。相手ライフに20ダメージを与える。","piecefig/NS2_009.png","ガチャ：MIDNIGHT SUGAR LIVE","実装済み"
"NS2_010","モブススブルー","SR","seed","水","90","90","スス / 波の如く / キュート","ススブルーのソウル","自分ライフを20回復する。味方1体に付いているATK/DEF低下効果を解除する。","piecefig/NS2_010.png","ガチャ：MIDNIGHT SUGAR LIVE","実装済み"
"NS2_011","モブススゴールド","SSR","seed","雷","95","125","スス / 雷撃 / スピードスター","ススゴールドのソウル","自分ライフを20消費し、このフィギュアと同じ属性を1つ以上持つシード1体をデッキから手札へ加える。","piecefig/NS2_011.png","ガチャ：MIDNIGHT SUGAR LIVE","実装済み"
"NS2_012","モブススシルバー","SSR","seed","光","120","100","スス / 輝き / 絆","ススシルバーのソウル","次の相手ターン終了まで、このフィギュアと同じ属性を1つ以上持つ味方全体のATKとDEFを+20する。","piecefig/NS2_012.png","ガチャ：MIDNIGHT SUGAR LIVE","実装済み"
"NS2_013","モブケケスライム","SR","seed","水","85","95","ケケ / 波の如く / キュート","ケケスライムのソウル","攻撃対象を別の味方へ変更する。変更後の味方はその攻撃中DEF+20。","piecefig/NS2_013.png","ガチャ：SWEET BEAT STREET","実装済み"
"NS2_014","モブススロック","SR","seed","地","105","75","スス / 大地の力 / 鉄壁","ススロックのソウル","相手1体のDEF-20。次の相手ターン、そのフィギュアはソウルスキルを発動できない。","piecefig/NS2_014.png","ガチャ：MIDNIGHT SUGAR LIVE","実装済み"
"NS2_015","モブススサバンナ","SSR","seed","風","110","110","スス / 風の如く / スピードスター","ススサバンナのソウル","シードデッキの上から3体までを確認し、その中の1体を手札へ加える。残りの順番は変えない。","piecefig/NS2_015.png","ガチャ：MIDNIGHT SUGAR LIVE","実装済み"
"NS2_016","モブケケミイラ","SSR","seed","闇","95","125","ケケ / ブラックカラー / 不気味なオーラ","ケケミイラのソウル","自分の墓地からシード1体を手札へ戻す。","piecefig/NS2_016.png","ガチャ：SWEET BEAT STREET","実装済み"
"NS2_017","モブケケラプ","SR","seed","地","100","80","ケケ / 大地の力 / 鉄壁","ケケラプのソウル","相手1体のDEF-20。このターン、その相手への攻撃はDEF上昇効果を無視する。","piecefig/NS2_017.png","ガチャ：SWEET BEAT STREET","実装済み"
"NS2_018","モブケケティラ","SR","seed","風","85","95","ケケ / 風の如く / スピードスター","ケケティラのソウル","このターン最大2回攻撃できる。攻撃するたび、このターン中ATK+20（累積）。同じ相手を続けて攻撃してもよい。ダイレクトアタック不可。","piecefig/NS2_018.png","ガチャ：SWEET BEAT STREET","実装済み"
"NS2_019","モブケケプテラ","SR","seed","雷","105","75","ケケ / 雷撃 / スピードスター","ケケプテラのソウル","相手1体のATK-10。相手ライフに20ダメージを与える。","piecefig/NS2_019.png","ガチャ：SWEET BEAT STREET","実装済み"
"NS2_020","モブケケペン","SR","seed","水","90","90","ケケ / 波の如く / キュート","ケケペンのソウル","味方全体のDEF+20。次の相手ターン終了まで、相手のDEF低下系ソウルスキルを1回無効にする。","piecefig/NS2_020.png","ガチャ：SWEET BEAT STREET","実装済み"
"NS2_021","モブススカケラ","SSR","seed","火","95","125","スス / 火炎 / 勇猛果敢","ススカケラのソウル","自分ライフを20回復する。撃破済みのシードソウル1体をシードデッキの一番下へ戻す。","piecefig/NS2_021.png","ガチャ：MIDNIGHT SUGAR LIVE","実装済み"
"NS2_022","モブススミゾレ","SSR","seed","水","120","100","スス / 波の如く / キュート","ススミゾレのソウル","味方全体のDEF+20。次の相手ターン、最初に発生する差分ライフダメージを0にする。","piecefig/NS2_022.png","ガチャ：MIDNIGHT SUGAR LIVE","実装済み"
"NS2_023","モブススピチ","SSR","seed","光","105","115","スス / 輝き / 絆","ススピチのソウル","シードデッキの上から3体までを確認し、その中の1体を手札へ加える。残りの順番は変えない。","piecefig/NS2_023.png","ガチャ：MIDNIGHT SUGAR LIVE","実装済み"
"NS2_024","モブススハス","SSR","seed","風","125","95","スス / 風の如く / スピードスター","ススハスのソウル","味方1体を選ぶ。その味方がこのターン撃破した場合、1体ドローする。","piecefig/NS2_024.png","ガチャ：MIDNIGHT SUGAR LIVE","実装済み"
"NS2_025","モブケケビ","UR","seed","火","145","145","ケケ / 火炎 / 勇猛果敢","ケケビのソウル","このターン最大2回攻撃できる。攻撃するたびATK+20（累積）。攻撃対象変更・守護効果を無視して対象を選べる。","piecefig/NS2_025.png","ガチャ：SWEET BEAT STREET","実装済み"
"NS2_026","モブケケブ","SSR","seed","水","95","125","ケケ / 波の如く / キュート","ケケブのソウル","自分ライフを20回復する。味方1体に付いているATK/DEF低下効果を解除する。","piecefig/NS2_026.png","ガチャ：SWEET BEAT STREET","実装済み"
"NS2_027","モブケケミ","SSR","seed","光","120","100","ケケ / 輝き / 絆","ケケミのソウル","自分フィールド全体のATKとDEFを+30する。このターン、最初に味方が撃破される場合、その撃破を1回だけ無効にする。","piecefig/NS2_027.png","ガチャ：SWEET BEAT STREET","実装済み"
"NS2_028","モブケケロ","SSR","seed","雷","105","115","ケケ / 雷撃 / スピードスター","ケケロのソウル","自分ライフを20消費し、このフィギュアと同じ属性を1つ以上持つシード1体をデッキから手札へ加える。","piecefig/NS2_028.png","ガチャ：SWEET BEAT STREET","実装済み"
"NS2_029","モブススブラッド","SSR","middle","闇","185","155","スス / ブラックカラー / 不気味なオーラ","ブラッド・パンプキン","このターン、自身のATKを相手の墓地のフィギュア数×10上げ、その直後に自身を破壊する。","piecefig/NS2_029.png","ガチャ：MIDNIGHT SUGAR LIVE","実装済み"
"NS2_030","モブススゼリー","SSR","middle","水","170","170","スス / 波の如く / キュート","ゼリー・コート","手札の別の1体を墓地へ送り、このターン自身のDEFを50上げる。","piecefig/NS2_030.png","ガチャ：MIDNIGHT SUGAR LIVE","実装済み"
"NS2_031","モブケケカボス","SSR","middle","雷","155","185","ケケ / 雷撃 / スピードスター","カボス・ザ・ライフ","このフィギュアが相手を撃破するたび、自分のライフを25回復する。","piecefig/NS2_031.png","ガチャ：SWEET BEAT STREET","実装済み"
"NS2_032","モブケケチーク","SSR","middle","光","180","160","ケケ / 輝き / 絆","リビングデッド・チーク","撃破された時、自分の墓地のシードを最大2体選び、空き枠に復活召喚する。","piecefig/NS2_032.png","ガチャ：SWEET BEAT STREET","実装済み"
"NS2_033","モブアメチー","SR","seed","火","85","95","アメ戦士 / 火炎 / 勇猛果敢","アメノタメ","このターン、場のアメ戦士タグを持つ全フィギュアのATKを20上げる。","piecefig/NS2_033.png","ガチャ：RETRO REMIX JAM","実装済み"
"NS2_034","モブアメブー","SR","seed","水","105","75","アメ戦士 / 波の如く / キュート","アメアラレ","攻撃された時、手札の別の1体を墓地へ送り、その攻撃に対して自身のDEFを30上げる。","piecefig/NS2_034.png","ガチャ：RETRO REMIX JAM","実装済み"
"NS2_035","モブアメロー","SR","seed","闇","90","90","アメ戦士 / ブラックカラー / 不気味なオーラ","アメノワナ","攻撃してきた相手のATKを、このターン20下げる。","piecefig/NS2_035.png","ガチャ：RETRO REMIX JAM","実装済み"
"NS2_036","モブアメヒノコ","SR","seed","闇","75","105","アメ戦士 / ブラックカラー / 不気味なオーラ","墓地のアメソウル","場の味方とこのフィギュアを素材にする融合レシピがある時、墓地から融合素材にできる。","piecefig/NS2_036.png","ガチャ：RETRO REMIX JAM","実装済み"
"NS2_037","モブアメソウル","SR","seed","闇","100","80","アメ戦士 / ブラックカラー / 不気味なオーラ","墓地のアメソウル","場の味方とこのフィギュアを素材にする融合レシピがある時、墓地から融合素材にできる。","piecefig/NS2_037.png","ガチャ：RETRO REMIX JAM","実装済み"
"NS2_038","モブアメスカル","SSR","middle","闇","165","175","スス / アメ戦士 / ブラックカラー / 不気味なオーラ","アメスカルのソウル","相手1体のDEF-10。次の相手ターン終了まで、そのフィギュアはフュージョン素材にできない。シードデッキから1体ドローする。","piecefig/NS2_038.png","ガチャ：RETRO REMIX JAM","実装済み"
"NS2_039","モブアメディープ","SSR","middle","水","185","155","ケケ / アメ戦士 / 波の如く / キュート","アメディープのソウル","このターン最大2回攻撃できる。攻撃するたび、このターン中ATK+20（累積）。同じ相手を続けて攻撃してもよい。ダイレクトアタック不可。","piecefig/NS2_039.png","ガチャ：RETRO REMIX JAM","実装済み"
"NS2_040","モブアメバイオ","SR","middle","闇","145","145","スス / ケケ / アメ戦士 / ブラックカラー / 不気味なオーラ","アメバイオのソウル","自分ライフを20回復する。味方1体に付いているATK/DEF低下効果を解除する。","piecefig/NS2_040.png","ガチャ：RETRO REMIX JAM","実装済み"
"NS2_041","モブアメリーフ","SSR","middle","雷","155","185","スス / アメ戦士 / 雷撃 / スピードスター","アメリーフのソウル","相手フィールド全体のDEF-30。このターン、相手フィールド全員へ1回ずつ攻撃できる。","piecefig/NS2_041.png","ガチャ：RETRO REMIX JAM","実装済み"
"NS2_042","モブアメノソラ","SSR","middle","闇","180","160","スス / アメ戦士 / ブラックカラー / 不気味なオーラ","アメノソラのソウル","このターン最大2回攻撃できる。攻撃するたびATK+20（累積）。攻撃対象変更・守護効果を無視して対象を選べる。","piecefig/NS2_042.png","ガチャ：RETRO REMIX JAM","実装済み"
"NS2_043","モブアメノウミ","SSR","middle","水","165","175","スス / アメ戦士 / 波の如く / キュート","アメノウミのソウル","相手1体のDEF-20。次の相手ターン、そのフィギュアはソウルスキルを発動できない。","piecefig/NS2_043.png","ガチャ：RETRO REMIX JAM","実装済み"
"NS2_044","モブアメゴールド","SSR","middle","雷","185","155","スス / アメ戦士 / 雷撃 / スピードスター","アメゴールドのソウル","シードデッキの上から3体までを確認し、その中の1体を手札へ加える。残りの順番は変えない。","piecefig/NS2_044.png","ガチャ：RETRO REMIX JAM","実装済み"
"NS2_045","モブアメコットン","UR","middle","光","210","210","ケケ / アメ戦士 / 輝き / 絆","雨の日は歌う","手札数×10ライフを回復し、このターン、場のアメ戦士タグを持つ全フィギュアのATKを20上げる。","piecefig/NS2_045.png","ガチャ：RETRO REMIX JAM","実装済み"
"NS2_046","モブススアメ","SSR","middle","闇","155","185","スス / アメ戦士 / ブラックカラー / 不気味なオーラ","ススアメのソウル","味方全体のDEF+20。次の相手ターン、最初に発生する差分ライフダメージを0にする。","piecefig/NS2_046.png","ガチャ：RETRO REMIX JAM","実装済み"
"NS2_047","モブケケアメ","SSR","middle","水","180","160","ケケ / アメ戦士 / 波の如く / キュート","ケケアメのソウル","このターンATK+20、DEF+20。次の相手ターン終了時までこの強化を維持する。","piecefig/NS2_047.png","ガチャ：RETRO REMIX JAM","実装済み"
"NS2_048","モブアメリード","UR","middle","闇","205","215","ケケ / アメ戦士 / ブラックカラー / 不気味なオーラ","アメリードのソウル","味方1体を選ぶ。その味方がこのターン撃破した場合、1体ドローする。","piecefig/NS2_048.png","ガチャ：RETRO REMIX JAM","実装済み"
"NS2_049","モブアメヴァル","UR","middle","光","225","195","ケケ / アメ戦士 / 輝き / 絆","アメヴァルのソウル","自分フィールド全体のATKとDEFを+30する。このターン、最初に味方が撃破される場合、その撃破を1回だけ無効にする。","piecefig/NS2_049.png","ガチャ：RETRO REMIX JAM","実装済み"
"NS2_050","モブアメジョーカー","UR","mob","闇","260","260","スス / ケケ / アメ戦士 / ブラックカラー / 不気味なオーラ","アメジョーカーのソウル","攻撃対象を別の味方へ変更する。変更後の味方はその攻撃中DEF+20。","piecefig/NS2_050.png","ガチャ：RETRO REMIX JAM","実装済み"
"NS2_051","モブアメジャック","UR","mob","水","245","275","スス / ケケ / アメ戦士 / 波の如く / キュート","アメジャックのソウル","相手フィールド1体の属性をターン終了まで無属性として扱う。","piecefig/NS2_051.png","ガチャ：RETRO REMIX JAM","実装済み"
"NS2_052","モブアメキング","UR","mob","雷","270","250","スス / ケケ / アメ戦士 / 雷撃 / スピードスター","アメキングのソウル","自分フィールド全体のATKとDEFを+30する。このターン、最初に味方が撃破される場合、その撃破を1回だけ無効にする。","piecefig/NS2_052.png","ガチャ：RETRO REMIX JAM","実装済み"
"NS2_053","モブアメナチュル","UR","mob","地","255","265","スス / ケケ / アメ戦士 / 大地の力 / 鉄壁","アメナチュルのソウル","手札の別の1体を墓地へ送り、相手フィールドのシード1体を相手の手札へ戻す。","piecefig/NS2_053.png","ガチャ：RETRO REMIX JAM","実装済み"
"NS2_054","モブアメクイーン","MOB","mob","光","330","300","スス / ケケ / アメ戦士 / 輝き / 絆","アメクイーンのソウル","相手1体のDEF-20。このターン、その相手への攻撃はDEF上昇効果を無視する。","piecefig/NS2_054.png","ガチャ：RETRO REMIX JAM","実装済み"
"NS2_055","モブアメロン","MOB","mob","光","315","315","アメ戦士 / 輝き / 絆","アメロンのソウル","味方全体のDEF+20。次の相手ターン終了まで、相手のDEF低下系ソウルスキルを1回無効にする。","piecefig/NS2_055.png","ガチャ：RETRO REMIX JAM","実装済み"
"NS2_056","モブコドラ","SR","seed","火","75","105","無限の空 / 火炎 / 勇猛果敢","コドラのソウル","相手1体のATK-10。相手ライフに20ダメージを与える。","piecefig/NS2_056.png","ガチャ：SWEET BEAT STREET","実装済み"
"NS2_057","モブイルカエル","SR","seed","水","100","80","無限の空 / 波の如く / キュート","イルカエルのソウル","自分ライフを20回復する。味方1体に付いているATK/DEF低下効果を解除する。","piecefig/NS2_057.png","ガチャ：SWEET BEAT STREET","実装済み"
"NS2_058","モブウルフ","SR","seed","闇","85","95","無限の空 / ブラックカラー / 不気味なオーラ","ウルフのソウル","相手1体のDEF-20。このターン、その相手への攻撃はDEF上昇効果を無視する。","piecefig/NS2_058.png","ガチャ：MIDNIGHT SUGAR LIVE","実装済み"
"NS2_059","モブスラパーカー","SR","seed","光","105","75","無限の空 / 輝き / 絆","スラパーカーのソウル","味方全体のDEF+20。次の相手ターン、最初に発生する差分ライフダメージを0にする。","piecefig/NS2_059.png","ガチャ：SWEET BEAT STREET","実装済み"
"mq:figene/73","モブ怪人","SR","seed","闇","95","85","読みかけの本 / ヴィラン / 勇猛果敢","キーキー連撃","攻撃するたび、このターン自身のATKを20上げる。","figene/73.png","ガチャ：MIDNIGHT SUGAR LIVE","実装済み"
"mq:figene/74","モブ怪人の隊長","SSR","seed","闇","115","105","読みかけの本 / ヴィラン / 勇猛果敢","物語の隊長","このターン、場の読みかけの本タグを持つ全フィギュアのATKとDEFを30上げる。","figene/74.png","ガチャ：MIDNIGHT SUGAR LIVE","実装済み"
"mq:figboss/44","モブ魔王","UR","middle","闇","210","220","魔王城 / ヴィラン / 魔法使い / 読みかけの本 / リーダー気質","魔王の封印","相手1体のDEF-10。次の相手ターン終了まで、そのフィギュアはフュージョン素材にできない。シードデッキから1体ドローする。 撃破された時、場か手札のリリス4姉妹1体を捨て、融合領域からウルモブリリスを召喚できる。","figboss/44.png","ガチャ：MIDNIGHT SUGAR LIVE","実装済み"