ID,UID,名前,レア度,ソウルクラス,属性,攻撃種別,役割,ATK,DEF,タグID,タグ名,スキル名,タイミング,効果,program,モチーフ,説明,使い方,弱点,アート説明,フィギュア画像,ドット絵
SWEET21,MOB-SWEET-021,かりんとうアクロバット,R,シードソウル,地,物理,連続攻撃,75,65,65;29;75,スイーツ;ブラックカラー;風の如く,黒糖三段とび,自分メイン,このターン最大3回攻撃できる。攻撃するたび、このターン中ATK+15（累積）。同じ相手を続けて攻撃してもよい。ダイレクトアタック不可。,3,かりんとう,黒糖のかりんとうを抱えて空中前転。くるりと丸まった姿と大きな金メガネが目印。,最大3回攻撃し、宣言ごとにATK90、105、120へ上がる。同じ相手を続けて攻撃してもよい。,ダイレクトアタック不可。攻撃を無効にされても回数と累積上昇は進む。強化は当ターン限り。,黒を主調とした口なし・鼻なしの小さなMOBマスコット。金色の丸メガネ。錆赤の後ろかぶりキャップと短い黒シャツ、黒ショーツ、白底スニーカー。大きく曲がった黒糖かりんとうを両手で抱え、膝を折った空中前転。黒糖の渦形台座。,images/figures/SWEET21.png,images/pixels/SWEET21_pixel.png
SWEET22,MOB-SWEET-022,きびだんご旅人,R,シードソウル,地,物理,手札交代・展開,70,60,65;29;66,スイーツ;ブラックカラー;伝統,おとも交代だんご,自分メイン,このフィギュアを手札へ戻し、手札から別のシードソウル1体を召喚できる。,2,きびだんご,大きな三粒のきびだんごを杖にして一歩ずつ。薄緑の旅笠でのんびり街道をゆく。,自分を手札へ戻し、元から手札にある別のシード1体を同じ枠へ召喚できる。召喚しない選択も可能。,手札に呼びたいシードが必要。味方のスキル使用枠は共有なので、交代で出したシードのスキルをそのターン続けて使うことはできない。,黒を主調とした口なし・鼻なしの小さなMOBマスコット。金色の丸メガネ。淡いセージ色の丸い旅笠と短い羽織、からし色の帯、黒い足袋靴。頭より大きい白い三粒きびだんご串を杖として斜めに突き、片膝を上げて一歩踏み出す。,images/figures/SWEET22.png,images/pixels/SWEET22_pixel.png
SWEET23,MOB-SWEET-023,ビスケット彫刻家,R,シードソウル,地,物理,守護,65,75,65;29;36,スイーツ;ブラックカラー;技術力,どうぶつ型の守り壁,相手攻撃宣言時,攻撃対象をこのフィギュアへ変更し、その攻撃中DEF+30。,20,どうぶつビスケット,ライオン型のどうぶつビスケットにまたがる小さな彫刻家。ひと押しの模様に職人の遊び心。,相手の攻撃対象を自分へ変更し、その攻撃中はDEF105。守りたい味方への一撃を引き受ける。,差分ライフダメージは0にならない。ATK105を超える攻撃で撃破され、守護無視の攻撃には対応できない。,黒を主調とした口なし・鼻なしの小さなMOBマスコット。金色の丸メガネ。青緑の斜めベレー帽、焦げ橙のポケット付き黒い作業着。大きな平たいライオン型ビスケットの上で膝立ちし、片手で支えながら小さなスタンプで模様を押す。,images/figures/SWEET23.png,images/pixels/SWEET23_pixel.png
SWEET24,MOB-SWEET-024,ポン菓子屋台番,R,シードソウル,風,魔法,回復・手札補充,60,70,65;29;18,スイーツ;ブラックカラー;美味しい食べ物,ポンッと補充便,自分メイン,自分ライフを20回復する。手札が4体以下ならシードデッキから1体ドローする。,32,ポン菓子,ポン菓子の大きなひとかたまりをすくって、屋台から勢いよくお届け。小さなスコップと踏ん張る足が自慢。,ライフ20回復。発動時の手札が4体以下ならシードデッキから1体引く。先に手札を使って補充条件を整える。,手札5体以上では引かない。4体以下で山札が空ならドロー処理で山札切れ負けになる。回復上限400。,黒を主調とした口なし・鼻なしの小さなMOBマスコット。金色の丸メガネ。短いからし色の屋台帽、黒シャツ、赤茶の腰前掛け、白底ブーツ。広く足を開き、両手の小さなスコップから巨大な四角いポン菓子の塊を上へ跳ね上げる。,images/figures/SWEET24.png,images/pixels/SWEET24_pixel.png
SWEET25,MOB-SWEET-025,ミルク飴マジシャン,R,シードソウル,光,魔法,回復・一度生存支援,65,65,65;29;37,スイーツ;ブラックカラー;魔法使い,白飴のおまじない,自分メイン,自分ライフを20回復する。味方1体は次に撃破される時、1度だけ撃破されず場に残る。,4,ミルク飴,白と青の包み紙をひねると、まんまるミルク飴が登場。横に傾くマジシャンの甘い手品。,ライフ20回復。味方1体に、次に撃破される時一度だけ場に残る効果を与える。使われるまでターンをまたいで残る。,撃破回避でも差分ライフダメージは受ける。複数回の撃破を防ぐ効果ではない。回復上限400。,黒を主調とした口なし・鼻なしの小さなMOBマスコット。金色の丸メガネ。青い短いシルクハット、黒いベストと青い蝶ネクタイ。白青の太い包み紙の両端を左右へひねり、頭ほど大きい楕円のミルク飴を見せながら体を横へ傾ける。,images/figures/SWEET25.png,images/pixels/SWEET25_pixel.png
SWEET26,MOB-SWEET-026,水あめ職人,R,シードソウル,水,魔法,全体DEF・DEF低下対策,70,70,65;29;70,スイーツ;ブラックカラー;職人,糸引くあめの薄衣,自分メイン,味方全体のDEF+20。次の相手ターン終了まで、相手のDEF低下系ソウルスキルを1回無効にする。,33,水あめ,二本の棒で水あめをぐいっと伸ばす職人。琥珀色の大きな輪が、金メガネの横できらり。,当ターンの味方全体DEF+20。次の相手ターン終了まで、相手のDEF低下系ソウルスキルを一度無効にする。,通常のDEF+20は次の相手ターン前に消える。ATKだけを下げるスキルや攻撃による恒久DEF減少は止めず、低下対策は一度きり。,黒を主調とした口なし・鼻なしの小さなMOBマスコット。金色の丸メガネ。生成りの職人帽、短い藍の法被、黒い短パン、白底の足袋。横へ踏み込み、二本の棒の間で大きな琥珀色の水あめを太いC字の帯へ伸ばす。,images/figures/SWEET26.png,images/pixels/SWEET26_pixel.png
SWEET27,MOB-SWEET-027,あんず棒スケーター,SR,シードソウル,水,物理,2連撃,110,110,65;29;55;75;27,スイーツ;ブラックカラー;スピードスター;風の如く;キュート,ひやあんずダブルラン,自分メイン,このターン最大2回攻撃できる。攻撃するたび、このターン中ATK+20（累積）。同じ相手を続けて攻撃してもよい。ダイレクトアタック不可。,42,あんず棒,あんず棒のパックをボードにして滑り出すダンサー。オレンジの一本に、軽やかなステップを刻む。,最大2回攻撃し、宣言ごとにATK130、150へ上がる。同じ相手に続けて挑むこともできる。,守護無視はない。ダイレクトアタック不可。攻撃を無効にされても回数を使い、累積強化は当ターン限り。,黒を主調とした口なし・鼻なしの小さなMOBマスコット。金色の丸メガネ。プラム色のつばと留め帯が付いた後ろ向きのあんず橙キャップ、ミント袖口の短い黒ジャケット、白底スニーカー。両端を封じた巨大な橙色あんず棒パックの上で低く片足滑走し、後ろ足を曲げ上げる。車輪は付けない。,images/figures/SWEET27.png,images/pixels/SWEET27_pixel.png
SWEET28,MOB-SWEET-028,梅ジャム絵師,SR,シードソウル,地,魔法,DEF低下・素材化封じ,95,125,65;29;70;36;66,スイーツ;ブラックカラー;職人;技術力;伝統,梅色ぬりどめ,自分メイン,相手1体のDEF-20。次の相手ターン終了まで、そのフィギュアをソウルフュージョン素材にできない。,23,梅ジャム,大きな梅ジャムのチューブを絵筆にする絵師。片膝をつき、赤い一筆を描く。,相手1体のDEFを当ターン20下げ、次の相手ターン終了までフュージョン素材にできなくする。素材候補を早めに選んで足止めする。,DEF低下は当ターン限り。攻撃とソウルスキルは止めない。場から離れて別インスタンスとして戻る場合の再適用はない。,赤いベレーと小さなオリーブ色のエプロン。巨大なチューブを両手で斜めに抱え、先端から出る梅紅のジャムでS字を描く。クリーム色のパレット型台座。,images/figures/SWEET28.png,images/pixels/SWEET28_pixel.png
SWEET29,MOB-SWEET-029,渦巻きキャンディ指揮者,SSR,シードソウル,雷,魔法,味方攻撃支援・守護突破,125,150,65;29;12;37;58;74;78,スイーツ;ブラックカラー;MUSIC;魔法使い;特殊能力;リーダー気質;団結力,うずまき突撃序曲,自分メイン,味方1体のATK+20。その味方はこのターン守護効果を無視して攻撃対象を選べる。,97,渦巻きキャンディ,巨大な渦巻きキャンディで甘い楽団を指揮する。片足を大きく上げ、弧を描く棒にリズムを乗せる。,味方1体のATKを当ターン20上げ、守護・攻撃対象変更を無視して狙えるようにする。自分自身も選べる。,追加攻撃やDEF無視は付かない。対象本人の攻撃無効は残り、味方の別スキルと同じターンに連続使用はできない。,クリーム色のシルクハット、黒い短い燕尾服とバーガンディの裾、ローズの蝶ネクタイ。片足を上げ、両手で巨大な桃とクリーム色の渦巻きキャンディを斜めに構える。桃とクリームの渦巻き台座。,images/figures/SWEET29.png,images/pixels/SWEET29_pixel.png
SWEET30,MOB-SWEET-030,たい焼き船長,UR,シードソウル,火,物理,複数体攻撃・撃破連鎖,145,155,65;29;18;34;66;70;74;78;81,スイーツ;ブラックカラー;美味しい食べ物;勇猛果敢;伝統;職人;リーダー気質;団結力;ロマン,黄金たいの進軍,自分メイン,このターン相手フィールド全員へ1回ずつ攻撃できる。1体撃破するたび、残っている相手全体のDEF-10。,68,たい焼き,大きなたい焼きにまたがり、焼き色の波から飛び出す小さな船長。金の丸メガネで進路を見定める。,このターン相手の各個体へ1回ずつ攻撃できる。1体撃破するたび残る相手全体のDEFを当ターン10下げ、次の突破へつなげる。,同じ個体への再攻撃はできない。攻撃を防がれて撃破できなければDEF低下は発生せず、守護や生存効果も無視しない。,アイボリーの船長帽と朱の襟の藍色法被。巨大な魚型のたい焼きにまたがり、片手で背びれ側をつかみ、もう片手で進路を指す。焼き菓子の波型台座。,images/figures/SWEET30.png,images/pixels/SWEET30_pixel.png
